,Date,Title
0,1932-04-15,Following Suit
1,1951-04-01,Following Suit
2,1996-03-31,Following Suit
3,1944-10-01,Following Suit
4,1957-10-15,Following Suit
5,1951-09-15,Following Suit
6,1955-01-31,Following Suit
7,1952-03-15,Following Suit
8,1959-04-15,Following Suit
9,1995-03-31,Following Suit
10,1961-11-01,Following Suit
11,1995-09-30,Following Suit
12,1961-03-01,Following Suit
13,1948-05-15,Following Suit
14,1937-10-01,Following Suit
15,1958-12-31,Following Suit
16,1948-02-01,Following Suit
17,1950-08-15,Following Suit
18,1952-03-01,Following Suit
19,2019-05-31,Following Suit
20,1955-01-31,Following Suit
21,1957-08-15,Following Suit
22,1997-08-31,Following Suit
23,1971-09-15,Following Suit
24,1954-02-01,Following Suit
25,1946-01-15,Following Suit
26,1950-07-31,Following Suit
27,2019-09-30,Following Suit
28,1991-09-30,Following Suit
29,1945-05-01,Following Suit
30,1942-02-15,Following Suit
31,1959-10-01,Following Suit
32,1952-09-15,Following Suit
33,1995-08-31,Following Suit
34,1894-05-24,Following Suit
35,1950-02-01,Following Suit
36,1949-09-01,Following Suit
37,1963-05-31,Following Suit
38,1990-03-31,Following Suit
39,2010-06-30,Following Suit
